Roll,Name,Result,Marks,Total,Percentage
29123329,AANCHAL,PASS,"[87, 89, 78, 82, 92, 84]",512,85.33
29123330,ABHISHEK,PASS,"[74, 87, 53, 73, 90, 69]",446,74.33
29123331,ADARSH,PASS,"[68, 89, 47, 36, 82, 61]",383,63.83
29123332,ANJALI,PASS,"[97, 89, 78, 82, 93, 87]",526,87.67
29123333,ANKITA,PASS,"[93, 90, 49, 63, 89, 73]",457,76.17
29123334,ARYAN,PASS,"[94, 88, 75, 83, 87, 78]",505,84.17
29123335,ASHUTOSH,PASS,"[79, 83, 43, 54, 68, 70]",397,66.17
29123336,BANTI,PASS,"[87, 96, 51, 61, 88, 75]",458,76.33
29123337,DIPIKA,PASS,"[92, 94, 63, 69, 87, 82]",487,81.17
29123338,DIWAKAR,PASS,"[63, 76, 53, 64, 67, 79]",402,67.0
29123339,KAILASH,PASS,"[75, 87, 35, 38, 87, 66]",388,64.67
29123340,KESHAV,PASS,"[76, 85, 52, 44, 78, 72]",407,67.83
29123341,KUMARI,PASS,"[77, 85, 65, 47, 69, 79]",422,70.33
29123342,MANISH,PASS,"[93, 95, 78, 88, 96, 89]",539,89.83
29123343,MD,PASS,"[95, 97, 87, 82, 84, 79]",524,87.33
29123344,MITHLESH,PASS,"[83, 85, 63, 78, 92, 80]",481,80.17
29123345,NANDANI,PASS,"[94, 95, 91, 94, 95, 90]",559,93.17
29123346,NARENDRA,PASS,"[90, 91, 78, 75, 96, 92]",522,87.0
29123347,NITESH,ABST,"[0, 0, 0, 0, 0, 0]",0,0.0
29123348,PALLAVI,PASS,"[90, 91, 84, 85, 97, 89]",536,89.33
29123349,PAWAN,PASS,"[89, 96, 85, 88, 91, 80]",529,88.17
29123350,PIYUSH,PASS,"[82, 80, 40, 43, 83, 72]",400,66.67
29123351,PRIYA,PASS,"[95, 95, 85, 89, 95, 89]",548,91.33
29123352,PRIYANKA,PASS,"[67, 87, 53, 45, 81, 74]",407,67.83
29123353,PURANJAY,PASS,"[88, 85, 65, 70, 91, 67]",466,77.67
29123354,RAHUL,PASS,"[93, 91, 77, 79, 89, 77]",506,84.33
29123355,RAJAUL,PASS,"[76, 85, 42, 70, 89, 64]",426,71.0
29123356,RAKHI,PASS,"[85, 88, 49, 54, 85, 71]",432,72.0
29123357,RAM,PASS,"[70, 84, 58, 49, 75, 68]",404,67.33
29123358,SAGAR,PASS,"[90, 94, 87, 91, 86, 74]",522,87.0
29123359,MD,PASS,"[83, 77, 51, 55, 76, 64]",406,67.67
29123360,SAWAN,PASS,"[69, 85, 46, 60, 76, 64]",400,66.67
29123361,SHIV,PASS,"[75, 92, 51, 56, 86, 74]",434,72.33
29123362,SHREENATH,PASS,"[86, 78, 64, 67, 85, 66]",446,74.33
29123363,SUMITRA,PASS,"[87, 90, 52, 55, 86, 74]",444,74.0
29123364,SUPRIYA,PASS,"[85, 88, 55, 71, 89, 68]",456,76.0
29123365,VIPUL,PASS,"[93, 93, 62, 80, 96, 80]",504,84.0
29123366,ANIKET,PASS,"[81, 82, 63, 66, 86, 69]",447,74.5
29123367,ANKUSH,PASS,"[89, 79, 58, 58, 80, 74]",438,73.0
29123368,ASHISH,PASS,"[74, 77, 44, 51, 85, 67]",398,66.33
29123369,ASHISH,PASS,"[91, 91, 78, 94, 97, 82]",533,88.83
29123370,AYUSH,PASS,"[87, 91, 80, 77, 85, 79]",499,83.17
29123371,BHANU,PASS,"[97, 89, 85, 94, 95, 82]",542,90.33
29123372,BHARTI,PASS,"[88, 90, 77, 54, 77, 73]",459,76.5
29123373,CHANCHAL,PASS,"[60, 72, 46, 33, 80, 67]",358,59.67
29123374,CHAYNA,PASS,"[96, 97, 75, 82, 93, 83]",526,87.67
29123375,DAMINI,PASS,"[84, 92, 67, 76, 92, 76]",487,81.17
29123376,DANISH,PASS,"[78, 90, 59, 68, 82, 61]",438,73.0
29123377,KULDEEP,PASS,"[72, 87, 45, 51, 83, 71]",409,68.17
29123378,KUNAL,PASS,"[88, 90, 64, 73, 81, 72]",468,78.0
29123379,KUSH,PASS,"[93, 92, 81, 80, 92, 81]",519,86.5
29123380,LAV,PASS,"[90, 88, 85, 86, 88, 79]",516,86.0
29123381,LAXMI,PASS,"[71, 85, 55, 38, 88, 70]",407,67.83
29123382,NAITIK,PASS,"[97, 96, 81, 85, 93, 79]",531,88.5
29123383,PIYUSH,PASS,"[89, 87, 53, 66, 76, 68]",439,73.17
29123384,PRADIP,PASS,"[77, 86, 51, 48, 91, 79]",432,72.0
29123385,PRATIBHA,PASS,"[77, 87, 41, 41, 85, 80]",411,68.5
29123386,PRATIBHA,PASS,"[77, 83, 36, 38, 76, 67]",377,62.83
29123387,PRINCE,PASS,"[86, 97, 73, 87, 91, 80]",514,85.67
29123388,PRITAM,PASS,"[91, 94, 81, 86, 91, 90]",533,88.83
29123389,PRIYANSHI,PASS,"[97, 94, 85, 89, 80, 82]",527,87.83
29123390,RAHUL,PASS,"[86, 91, 75, 78, 86, 78]",494,82.33
29123391,RAKHI,PASS,"[73, 90, 68, 41, 88, 68]",428,71.33
29123392,RISHU,PASS,"[78, 88, 63, 71, 73, 71]",444,74.0
29123393,RITI,PASS,"[61, 84, 63, 33, 69, 67]",377,62.83
29123394,RITURAJ,PASS,"[81, 88, 72, 57, 91, 67]",456,76.0
29123395,RUBY,PASS,"[94, 98, 79, 87, 80, 89]",527,87.83
29123396,RUPA,PASS,"[86, 93, 60, 54, 92, 79]",464,77.33
29123397,SAMEER,PASS,"[67, 65, 64, 39, 74, 31]",340,56.67
29123398,SANGEETA,PASS,"[92, 91, 64, 45, 72, 76]",440,73.33
29123399,SANGEETA,PASS,"[88, 91, 60, 50, 77, 81]",447,74.5
29123400,SAURAV,PASS,"[70, 78, 66, 65, 73, 31]",383,63.83
29123401,SHUBHDEEP,PASS,"[72, 83, 41, 49, 75, 76]",396,66.0
29123402,SONALI,PASS,"[97, 95, 92, 97, 96, 75]",552,92.0
29123403,SUMIT,PASS,"[80, 64, 37, 38, 72, 66]",357,59.5
29123404,SUPRIYA,PASS,"[82, 93, 75, 77, 80, 90]",497,82.83
29123405,VIKASH,PASS,"[83, 90, 45, 42, 68, 67]",395,65.83
